,DateTime,Platinum,Gold,Silver,Palladium,Rhodium,Iridium,Ruthenium
0,2018-01-02,943.0,1317.0,18.12,1088.0,1714.0,976.0,199.0
1,2018-01-03,960.0,1320.0,16.25,1092.0,1716.0,977.0,199.0
2,2018-01-04,959.0,1315.0,19.2,1107.0,1716.0,973.0,200.0
3,2018-01-05,965.0,1323.0,19.2,1103.0,1715.0,976.0,200.0
4,2018-01-08,974.0,1322.0,14.18,1102.0,1714.0,977.0,202.0
5,2018-01-09,971.0,1320.0,17.14,1110.0,1715.0,976.0,200.0
6,2018-01-10,967.0,1328.0,18.2,1101.0,1699.0,975.0,207.0
7,2018-01-11,985.0,1320.0,14.02,1081.0,1701.0,976.0,207.0
8,2018-01-12,998.0,1333.0,14.19,1104.0,1679.0,975.0,208.0
9,2018-01-15,1002.0,1342.0,18.4,1145.0,1682.0,973.0,211.0
10,2018-01-16,999.0,1337.0,19.06,1110.0,1695.0,972.0,209.0
11,2018-01-17,1006.0,1340.0,17.22,1112.0,1692.0,974.0,212.0
12,2018-01-18,1009.0,1333.0,18.1,1112.0,1694.0,977.0,209.0
13,2018-01-19,1020.0,1335.0,18.05,1113.0,1694.0,973.0,212.0
14,2018-01-22,1022.0,1336.0,15.02,1107.0,1697.0,977.0,207.0
15,2018-01-23,1002.0,1339.0,16.8,1099.0,1693.0,972.0,207.0
16,2018-01-24,1024.0,1354.0,18.32,1112.0,1695.0,974.0,207.0
17,2018-01-25,1028.0,1361.0,15.56,1108.0,1693.0,977.0,210.0
18,2018-01-26,1017.0,1353.0,18.38,1096.0,1707.0,977.0,207.0
19,2018-01-29,1016.0,1354.0,19.43,1097.0,1751.0,972.0,210.0
20,2018-01-30,1006.0,1345.0,15.26,1088.0,1791.0,976.0,216.0
21,2018-01-31,1007.0,1344.0,15.27,1049.0,1824.0,977.0,212.0
22,2018-02-01,1003.0,1343.0,19.3,1033.0,1849.0,975.0,213.0
23,2018-02-02,1009.0,1354.0,18.25,1055.0,1852.0,976.0,213.0
24,2018-02-05,1000.0,1343.0,18.9,1039.0,1876.0,976.0,217.0
25,2018-02-06,994.0,1342.0,18.72,1020.0,1877.0,977.0,213.0
26,2018-02-07,988.0,1329.0,15.55,1003.0,1841.0,977.0,216.0
27,2018-02-08,982.0,1314.0,18.31,994.0,1812.0,972.0,212.0
28,2018-02-09,979.0,1322.0,14.44,974.0,1813.0,974.0,216.0
29,2018-02-12,969.0,1324.0,15.44,987.0,1813.0,977.0,217.0
30,2018-02-13,980.0,1329.0,17.62,993.0,1817.0,974.0,214.0
31,2018-02-14,996.0,1342.0,16.77,1003.0,1813.0,975.0,215.0
32,2018-02-15,1009.0,1359.0,13.97,1026.0,1849.0,975.0,216.0
33,2018-02-16,1007.0,1355.0,17.77,1043.0,1866.0,975.0,216.0
34,2018-02-19,1020.0,1354.0,14.75,1057.0,1876.0,976.0,216.0
35,2018-02-20,1016.0,1349.0,14.7,1047.0,1874.0,976.0,213.0
36,2018-02-21,1003.0,1336.0,18.6,1035.0,1849.0,979.0,220.0
37,2018-02-22,999.0,1329.0,16.6,1041.0,1850.0,981.0,221.0
38,2018-02-23,1001.0,1327.0,17.58,1046.0,1850.0,979.0,219.0
39,2018-02-26,1012.0,1341.0,17.75,1067.0,1864.0,982.0,219.0
40,2018-02-27,994.0,1325.0,17.45,1058.0,1875.0,979.0,221.0
41,2018-02-28,983.0,1322.0,14.42,1048.0,1877.0,979.0,221.0
42,2018-03-01,967.0,1310.0,16.25,1007.0,1872.0,992.0,222.0
43,2018-03-02,973.0,1332.0,16.55,1005.0,1872.0,992.0,222.0
44,2018-03-05,965.0,1322.0,17.47,988.0,1847.0,992.0,221.0
45,2018-03-06,970.0,1329.0,16.62,989.0,1852.0,989.0,217.0
46,2018-03-07,967.0,1337.0,16.65,984.0,1851.0,997.0,222.0
47,2018-03-08,960.0,1332.0,16.5,990.0,1847.0,1001.0,221.0
48,2018-03-09,963.0,1327.0,18.62,998.0,1851.0,998.0,217.0
49,2018-03-12,968.0,1324.0,17.57,998.0,1847.0,1001.0,222.0
50,2018-03-13,975.0,1332.0,13.6,999.0,1852.0,998.0,217.0
51,2018-03-14,966.0,1327.0,15.55,1002.0,1902.0,1008.0,217.0
52,2018-03-15,961.0,1325.0,18.55,999.0,1901.0,1007.0,221.0
53,2018-03-16,957.0,1315.0,17.35,993.0,1959.0,1016.0,226.0
54,2018-03-19,945.0,1314.0,13.3,998.0,1958.0,1013.0,225.0
55,2018-03-20,947.0,1308.0,17.18,982.0,1979.0,1017.0,227.0
56,2018-03-21,955.0,1330.0,16.55,993.0,1979.0,1029.0,227.0
57,2018-03-22,952.0,1329.0,13.45,983.0,1979.0,1029.0,225.0
58,2018-03-23,957.0,1344.0,16.6,985.0,1977.0,1030.0,225.0
59,2018-03-26,949.0,1347.0,17.6,983.0,1987.0,1033.0,223.0
60,2018-03-27,956.0,1350.0,15.6,985.0,2014.0,1037.0,223.0
61,2018-03-28,943.0,1344.0,13.55,975.0,2052.0,1042.0,228.0
62,2018-03-29,943.0,1335.0,15.32,973.0,2051.0,1039.0,231.0
63,2018-04-03,935.0,1345.0,16.58,950.0,2051.0,1039.0,230.0
64,2018-04-04,924.0,1335.0,18.45,923.0,2049.0,1039.0,231.0
65,2018-04-05,913.0,1330.0,18.23,921.0,2048.0,1042.0,231.0
66,2018-04-06,916.0,1330.0,15.37,909.0,2039.0,1049.0,237.0
67,2018-04-09,928.0,1339.0,15.45,935.0,2041.0,1051.0,232.0
68,2018-04-10,939.0,1342.0,14.68,955.0,2048.0,1057.0,239.0
69,2018-04-11,937.0,1348.0,15.6,965.0,2071.0,1062.0,239.0
70,2018-04-12,935.0,1348.0,17.55,958.0,2068.0,1059.0,238.0
71,2018-04-13,930.0,1344.0,15.52,987.0,2068.0,1061.0,241.0
72,2018-04-16,933.0,1352.0,14.7,1011.0,2095.0,1058.0,242.0
73,2018-04-17,934.0,1348.0,15.7,1009.0,2095.0,1058.0,242.0
74,2018-04-18,947.0,1355.0,19.13,1042.0,2097.0,1075.0,246.0
75,2018-04-19,950.0,1353.0,16.2,1041.0,2121.0,1087.0,250.0
76,2018-04-20,933.0,1345.0,17.12,1038.0,2121.0,1086.0,249.0
77,2018-04-23,922.0,1328.0,15.8,998.0,2118.0,1082.0,255.0
78,2018-04-24,926.0,1333.0,18.71,981.0,2102.0,1087.0,252.0
79,2018-04-25,921.0,1323.0,13.55,969.0,2064.0,1090.0,252.0
80,2018-04-26,922.0,1326.0,18.61,1000.0,2062.0,1097.0,252.0
81,2018-04-27,911.0,1319.0,18.52,992.0,2064.0,1098.0,254.0
82,2018-04-30,916.0,1324.0,16.5,982.0,2064.0,1115.0,260.0
83,2018-05-02,902.0,1314.0,13.38,974.0,2034.0,1148.0,263.0
84,2018-05-03,906.0,1318.0,15.56,975.0,2035.0,1148.0,267.0
85,2018-05-04,906.0,1320.0,13.46,969.0,2032.0,1177.0,265.0
86,2018-05-07,916.0,1317.0,13.53,983.0,2035.0,1172.0,264.0
87,2018-05-08,914.0,1314.0,16.5,975.0,2033.0,1191.0,265.0
88,2018-05-09,916.0,1313.0,13.46,978.0,2035.0,1201.0,264.0
89,2018-05-11,931.0,1325.0,16.85,1011.0,2071.0,1274.0,266.0
90,2018-05-14,930.0,1323.0,15.7,997.0,2091.0,1273.0,264.0
91,2018-05-15,902.0,1307.0,14.34,975.0,2099.0,1297.0,275.0
92,2018-05-16,897.0,1290.0,15.26,985.0,2109.0,1300.0,277.0
93,2018-05-17,896.0,1299.0,18.45,991.0,2162.0,1300.0,277.0
94,2018-05-18,890.0,1295.0,17.44,985.0,2196.0,1332.0,277.0
95,2018-05-22,908.0,1299.0,16.6,1008.0,2248.0,1374.0,274.0
96,2018-05-23,905.0,1295.0,18.4,982.0,2247.0,1372.0,274.0
97,2018-05-24,915.0,1304.0,14.6,982.0,2249.0,1377.0,277.0
98,2018-05-25,909.0,1304.0,14.6,977.0,2248.0,1425.0,272.0
99,2018-05-28,907.0,1300.0,13.47,988.0,2251.0,1426.0,274.0
100,2018-05-29,911.0,1308.0,16.47,996.0,2250.0,1423.0,274.0
101,2018-05-30,910.0,1305.0,14.38,981.0,2248.0,1423.0,276.0
102,2018-06-01,911.0,1305.0,18.44,993.0,2248.0,1426.0,276.0
103,2018-06-04,903.0,1296.0,15.4,1007.0,2252.0,1426.0,274.0
104,2018-06-05,899.0,1294.0,16.42,996.0,2250.0,1426.0,275.0
105,2018-06-06,910.0,1307.0,17.75,1014.0,2248.0,1427.0,275.0
106,2018-06-07,912.0,1307.0,17.91,1035.0,2248.0,1425.0,274.0
107,2018-06-08,901.0,1301.0,17.7,1020.0,2250.0,1426.0,274.0
108,2018-06-11,914.0,1302.0,13.9,1027.0,2248.0,1423.0,276.0
109,2018-06-12,912.0,1301.0,14.9,1022.0,2249.0,1424.0,274.0
110,2018-06-13,904.0,1300.0,18.0,1019.0,2251.0,1424.0,277.0
111,2018-06-14,916.0,1309.0,18.19,1013.0,2250.0,1425.0,273.0
112,2018-06-15,902.0,1299.0,14.11,1009.0,2248.0,1426.0,274.0
113,2018-06-18,893.0,1282.0,18.55,1002.0,2247.0,1425.0,275.0
114,2018-06-19,875.0,1279.0,14.3,986.0,2263.0,1424.0,274.0
115,2018-06-20,880.0,1277.0,14.37,978.0,2265.0,1424.0,273.0
116,2018-06-21,865.0,1268.0,15.3,958.0,2267.0,1425.0,273.0
117,2018-06-22,869.0,1271.0,13.36,965.0,2252.0,1427.0,277.0
118,2018-06-25,877.0,1270.0,15.33,962.0,2251.0,1425.0,275.0
119,2018-06-26,870.0,1257.0,16.24,947.0,2248.0,1423.0,274.0
120,2018-06-27,864.0,1258.0,15.21,950.0,2250.0,1427.0,274.0
121,2018-06-28,850.0,1257.0,17.04,942.0,2247.0,1424.0,273.0
122,2018-06-29,854.0,1254.0,14.13,952.0,2252.0,1427.0,276.0
123,2018-07-02,842.0,1252.0,15.91,947.0,2252.0,1417.0,272.0
124,2018-07-03,844.0,1248.0,14.95,956.0,2249.0,1416.0,269.0
125,2018-07-04,845.0,1265.0,17.07,951.0,2248.0,1416.0,270.0
126,2018-07-05,843.0,1259.0,13.05,952.0,2250.0,1414.0,270.0
127,2018-07-06,848.0,1258.0,13.04,953.0,2250.0,1417.0,267.0
128,2018-07-09,862.0,1265.0,13.18,972.0,2247.0,1416.0,269.0
129,2018-07-10,843.0,1256.0,15.04,955.0,2263.0,1416.0,271.0
130,2018-07-11,842.0,1255.0,12.98,948.0,2266.0,1416.0,271.0
131,2018-07-12,848.0,1247.0,12.95,955.0,2263.0,1413.0,269.0
132,2018-07-13,835.0,1245.0,12.86,944.0,2263.0,1413.0,267.0
133,2018-07-16,829.0,1241.0,12.8,929.0,2267.0,1414.0,270.0
134,2018-07-17,828.0,1235.0,15.63,917.0,2263.0,1417.0,267.0
135,2018-07-18,812.0,1226.0,12.52,913.0,2312.0,1414.0,271.0
136,2018-07-19,803.0,1219.0,13.3,890.0,2325.0,1417.0,271.0
137,2018-07-20,825.0,1236.0,17.5,894.0,2323.0,1415.0,268.0
138,2018-07-23,836.0,1235.0,12.55,909.0,2342.0,1425.0,271.0
139,2018-07-24,845.0,1227.0,15.5,929.0,2341.0,1425.0,269.0
140,2018-07-25,844.0,1227.0,13.52,930.0,2338.0,1422.0,268.0
141,2018-07-26,835.0,1236.0,17.56,939.0,2326.0,1426.0,270.0
142,2018-07-27,830.0,1226.0,17.45,934.0,2324.0,1427.0,268.0
143,2018-07-30,827.0,1226.0,13.45,929.0,2326.0,1424.0,268.0
144,2018-07-31,834.0,1227.0,15.53,935.0,2322.0,1425.0,269.0
145,2018-08-01,826.0,1223.0,14.55,929.0,2311.0,1425.0,268.0
146,2018-08-02,837.0,1223.0,14.45,929.0,2308.0,1424.0,272.0
147,2018-08-03,839.0,1220.0,17.47,925.0,2323.0,1423.0,267.0
148,2018-08-06,829.0,1213.0,13.35,911.0,2335.0,1427.0,270.0
149,2018-08-07,843.0,1214.0,17.48,926.0,2336.0,1426.0,268.0
150,2018-08-08,833.0,1219.0,14.47,915.0,2332.0,1422.0,267.0
151,2018-08-09,844.0,1218.0,12.47,910.0,2336.0,1422.0,270.0
152,2018-08-10,835.0,1216.0,17.38,914.0,2346.0,1425.0,269.0
153,2018-08-13,818.0,1210.0,12.25,904.0,2343.0,1423.0,272.0
154,2018-08-14,807.0,1198.0,17.06,903.0,2346.0,1423.0,267.0
155,2018-08-15,778.0,1192.0,13.8,859.0,2345.0,1424.0,271.0
156,2018-08-16,798.0,1186.0,15.75,897.0,2346.0,1422.0,269.0
157,2018-08-17,788.0,1184.0,13.8,912.0,2358.0,1425.0,272.0
158,2018-08-20,800.0,1188.0,12.82,923.0,2359.0,1423.0,269.0
159,2018-08-21,801.0,1197.0,16.83,922.0,2382.0,1425.0,271.0
160,2018-08-22,800.0,1199.0,14.88,927.0,2380.0,1426.0,272.0
161,2018-08-23,784.0,1197.0,13.57,921.0,2377.0,1425.0,268.0
162,2018-08-24,796.0,1196.0,12.65,942.0,2381.0,1425.0,267.0
163,2018-08-27,804.0,1213.0,14.9,951.0,2379.0,1425.0,267.0
164,2018-08-28,811.0,1215.0,14.95,959.0,2388.0,1441.0,279.0
165,2018-08-29,800.0,1208.0,15.78,949.0,2392.0,1442.0,279.0
166,2018-08-30,793.0,1205.0,15.65,986.0,2392.0,1438.0,279.0
167,2018-08-31,797.0,1210.0,16.58,985.0,2388.0,1439.0,280.0
168,2018-09-03,793.0,1203.0,14.5,988.0,2389.0,1438.0,280.0
169,2018-09-04,778.0,1197.0,13.07,981.0,2389.0,1441.0,277.0
170,2018-09-05,784.0,1199.0,11.2,989.0,2389.0,1438.0,282.0
171,2018-09-06,794.0,1206.0,14.26,988.0,2392.0,1439.0,278.0
172,2018-09-07,783.0,1197.0,14.16,983.0,2401.0,1442.0,281.0
173,2018-09-10,794.0,1196.0,13.2,987.0,2398.0,1441.0,279.0
174,2018-09-11,790.0,1200.0,14.2,985.0,2398.0,1437.0,281.0
175,2018-09-12,792.0,1197.0,16.15,980.0,2398.0,1441.0,282.0
176,2018-09-13,812.0,1212.0,12.33,984.0,2398.0,1439.0,277.0
177,2018-09-14,811.0,1207.0,13.28,988.0,2402.0,1438.0,282.0
178,2018-09-17,808.0,1207.0,15.25,985.0,2425.0,1471.0,277.0
179,2018-09-18,817.0,1205.0,11.27,1002.0,2442.0,1472.0,283.0
180,2018-09-19,825.0,1207.0,15.28,1043.0,2501.0,1467.0,284.0
181,2018-09-20,833.0,1210.0,16.33,1052.0,2526.0,1468.0,285.0
182,2018-09-21,831.0,1197.0,14.3,1054.0,2582.0,1470.0,282.0
183,2018-09-24,835.0,1202.0,13.35,1065.0,2586.0,1468.0,282.0
184,2018-09-25,831.0,1207.0,16.45,1072.0,2582.0,1471.0,285.0
185,2018-09-26,836.0,1204.0,13.55,1068.0,2585.0,1469.0,284.0
186,2018-09-27,826.0,1193.0,16.3,1086.0,2583.0,1467.0,284.0
187,2018-09-28,815.0,1187.0,16.32,1093.0,2587.0,1468.0,283.0
188,2018-10-01,823.0,1188.0,15.52,1059.0,2587.0,1468.0,283.0
189,2018-10-02,832.0,1204.0,12.75,1068.0,2585.0,1470.0,286.0
190,2018-10-04,837.0,1209.0,11.78,1069.0,2582.0,1470.0,284.0
191,2018-10-05,829.0,1209.0,14.68,1079.0,2582.0,1467.0,286.0
192,2018-10-08,814.0,1187.0,11.34,1066.0,2584.0,1469.0,286.0
193,2018-10-09,823.0,1190.0,12.35,1078.0,2563.0,1471.0,285.0
194,2018-10-10,823.0,1194.0,16.42,1087.0,2500.0,1469.0,285.0
195,2018-10-11,833.0,1210.0,15.46,1088.0,2497.0,1467.0,286.0
196,2018-10-12,846.0,1222.0,12.58,1087.0,2500.0,1468.0,282.0
197,2018-10-15,846.0,1233.0,14.78,1087.0,2463.0,1470.0,286.0
198,2018-10-16,849.0,1230.0,11.7,1089.0,2438.0,1472.0,282.0
199,2018-10-17,845.0,1228.0,12.72,1088.0,2442.0,1469.0,287.0
200,2018-10-18,834.0,1229.0,13.59,1078.0,2465.0,1467.0,286.0
201,2018-10-19,837.0,1233.0,12.65,1084.0,2465.0,1467.0,283.0
202,2018-10-22,829.0,1223.0,15.55,1122.0,2466.0,1481.0,283.0
203,2018-10-23,835.0,1242.0,16.8,1141.0,2464.0,1478.0,282.0
204,2018-10-24,834.0,1235.0,12.75,1136.0,2463.0,1482.0,284.0
205,2018-10-25,828.0,1235.0,12.65,1113.0,2430.0,1477.0,285.0
206,2018-10-26,829.0,1242.0,11.75,1104.0,2408.0,1481.0,282.0
207,2018-10-29,845.0,1234.0,16.77,1114.0,2409.0,1481.0,284.0
208,2018-10-30,835.0,1233.0,14.48,1080.0,2392.0,1479.0,286.0
209,2018-10-31,842.0,1220.0,16.32,1090.0,2390.0,1480.0,286.0
210,2018-11-01,859.0,1235.0,13.6,1107.0,2389.0,1481.0,284.0
211,2018-11-02,869.0,1237.0,14.8,1114.0,2390.0,1480.0,287.0
212,2018-11-05,875.0,1234.0,14.7,1134.0,2390.0,1478.0,282.0
213,2018-11-06,875.0,1234.0,14.6,1119.0,2428.0,1482.0,284.0
214,2018-11-07,878.0,1236.0,12.7,1135.0,2429.0,1478.0,282.0
215,2018-11-08,871.0,1228.0,13.42,1124.0,2429.0,1477.0,287.0
216,2018-11-09,861.0,1214.0,15.24,1119.0,2452.0,1477.0,283.0
217,2018-11-12,854.0,1210.0,16.19,1114.0,2485.0,1479.0,284.0
218,2018-11-13,844.0,1206.0,16.03,1112.0,2499.0,1479.0,282.0
219,2018-11-14,842.0,1210.0,12.08,1139.0,2514.0,1478.0,282.0
220,2018-11-15,841.0,1215.0,15.26,1150.0,2513.0,1482.0,282.0
221,2018-11-16,844.0,1227.0,14.32,1187.0,2514.0,1480.0,284.0
222,2018-11-19,851.0,1227.0,16.39,1184.0,2541.0,1482.0,282.0
223,2018-11-20,848.0,1229.0,14.4,1151.0,2540.0,1482.0,284.0
224,2018-11-21,852.0,1227.0,12.41,1156.0,2572.0,1479.0,286.0
225,2018-11-22,850.0,1233.0,11.52,1160.0,2573.0,1482.0,284.0
226,2018-11-23,848.0,1228.0,12.43,1156.0,2573.0,1482.0,284.0
227,2018-11-26,848.0,1228.0,13.4,1157.0,2575.0,1482.0,284.0
228,2018-11-27,842.0,1222.0,15.22,1152.0,2572.0,1478.0,287.0
229,2018-11-28,833.0,1219.0,12.16,1184.0,2585.0,1477.0,284.0
230,2018-11-29,832.0,1228.0,13.37,1185.0,2587.0,1478.0,283.0
231,2018-11-30,804.0,1223.0,15.12,1195.0,2583.0,1480.0,283.0
232,2018-12-03,814.0,1229.0,13.44,1226.0,2584.0,1477.0,286.0
233,2018-12-04,809.0,1245.0,12.63,1242.0,2582.0,1477.0,286.0
234,2018-12-05,806.0,1244.0,14.53,1270.0,2585.0,1480.0,287.0
235,2018-12-06,792.0,1248.0,11.52,1209.0,2584.0,1480.0,287.0
236,2018-12-07,792.0,1241.0,14.47,1212.0,2584.0,1482.0,286.0
237,2018-12-10,796.0,1250.0,14.6,1231.0,2584.0,1482.0,282.0
238,2018-12-11,786.0,1249.0,13.64,1256.0,2577.0,1481.0,285.0
239,2018-12-12,799.0,1249.0,13.77,1270.0,2540.0,1482.0,282.0
240,2018-12-13,802.0,1243.0,16.75,1272.0,2532.0,1469.0,280.0
241,2018-12-14,793.0,1240.0,13.59,1234.0,2521.0,1472.0,281.0
242,2018-12-17,789.0,1241.0,14.65,1265.0,2521.0,1470.0,280.0
243,2018-12-18,793.0,1249.0,14.75,1269.0,2502.0,1471.0,277.0
244,2018-12-19,797.0,1261.0,11.8,1259.0,2465.0,1467.0,280.0
245,2018-12-20,797.0,1257.0,12.78,1279.0,2467.0,1470.0,279.0
246,2018-12-21,793.0,1256.0,16.67,1260.0,2465.0,1470.0,277.0
247,2018-12-27,799.0,1273.0,17.13,1266.0,2466.0,1470.0,278.0
248,2018-12-28,804.0,1286.0,16.34,1277.0,2466.0,1467.0,281.0
249,2019-01-02,793.0,1297.0,12.42,1267.0,2463.0,1471.0,277.0
250,2019-01-03,800.0,1295.0,17.62,1271.0,2466.0,1468.0,280.0
251,2019-01-04,815.0,1283.0,17.67,1301.0,2465.0,1469.0,281.0
252,2019-01-07,831.0,1292.0,13.81,1316.0,2450.0,1467.0,277.0
253,2019-01-08,827.0,1285.0,16.6,1334.0,2449.0,1468.0,282.0
254,2019-01-09,824.0,1292.0,17.78,1341.0,2448.0,1471.0,280.0
255,2019-01-10,832.0,1299.0,17.75,1340.0,2451.0,1472.0,279.0
256,2019-01-11,827.0,1296.0,17.76,1341.0,2437.0,1471.0,282.0
257,2019-01-14,815.0,1296.0,16.6,1339.0,2438.0,1467.0,278.0
258,2019-01-15,809.0,1296.0,14.6,1339.0,2437.0,1467.0,282.0
259,2019-01-16,807.0,1296.0,14.66,1358.0,2437.0,1468.0,277.0
260,2019-01-17,807.0,1295.0,12.55,1399.0,2442.0,1472.0,280.0
261,2019-01-18,815.0,1287.0,12.5,1422.0,2462.0,1471.0,280.0
262,2019-01-21,807.0,1286.0,17.33,1391.0,2462.0,1467.0,280.0
263,2019-01-22,792.0,1283.0,12.3,1360.0,2486.0,1470.0,278.0
264,2019-01-23,801.0,1286.0,14.45,1365.0,2486.0,1467.0,278.0
265,2019-01-24,802.0,1289.0,15.35,1337.0,2499.0,1469.0,280.0
266,2019-01-25,817.0,1293.0,17.6,1341.0,2497.0,1472.0,277.0
267,2019-01-28,817.0,1304.0,14.67,1343.0,2501.0,1467.0,280.0
268,2019-01-29,826.0,1312.0,14.93,1345.0,2499.0,1467.0,280.0
269,2019-01-30,828.0,1320.0,14.05,1348.0,2498.0,1470.0,281.0
270,2019-01-31,825.0,1331.0,15.15,1383.0,2497.0,1471.0,282.0
271,2019-02-01,832.0,1324.0,15.03,1376.0,2502.0,1468.0,277.0
272,2019-02-04,824.0,1315.0,12.82,1377.0,2507.0,1472.0,278.0
273,2019-02-05,829.0,1320.0,14.92,1377.0,2518.0,1468.0,280.0
274,2019-02-06,822.0,1317.0,17.87,1385.0,2521.0,1467.0,278.0
275,2019-02-07,813.0,1319.0,17.78,1395.0,2519.0,1471.0,280.0
276,2019-02-08,805.0,1317.0,13.7,1401.0,2518.0,1467.0,277.0
277,2019-02-11,796.0,1314.0,12.77,1394.0,2520.0,1470.0,281.0
278,2019-02-12,790.0,1312.0,16.78,1407.0,2547.0,1463.0,277.0
279,2019-02-13,795.0,1314.0,12.8,1421.0,2551.0,1464.0,277.0
280,2019-02-14,792.0,1309.0,17.7,1415.0,2547.0,1466.0,274.0
281,2019-02-15,790.0,1317.0,15.64,1427.0,2599.0,1459.0,272.0
282,2019-02-18,810.0,1326.0,17.82,1460.0,2672.0,1462.0,274.0
283,2019-02-19,815.0,1329.0,17.78,1485.0,2702.0,1461.0,272.0
284,2019-02-20,825.0,1350.0,14.1,1502.0,2725.0,1460.0,275.0
285,2019-02-21,830.0,1335.0,13.98,1486.0,2701.0,1459.0,275.0
286,2019-02-22,840.0,1328.0,13.93,1487.0,2701.0,1457.0,273.0
287,2019-02-25,857.0,1337.0,14.0,1536.0,2698.0,1459.0,272.0
288,2019-02-26,857.0,1334.0,14.9,1571.0,2716.0,1458.0,273.0
289,2019-02-27,876.0,1323.0,15.8,1535.0,2751.0,1459.0,273.0
290,2019-02-28,881.0,1324.0,14.78,1554.0,2747.0,1457.0,276.0
291,2019-03-01,872.0,1310.0,13.5,1572.0,2822.0,1457.0,273.0
292,2019-03-04,848.0,1290.0,16.1,1545.0,2851.0,1462.0,275.0
293,2019-03-05,843.0,1287.0,14.1,1534.0,2910.0,1461.0,274.0
294,2019-03-06,832.0,1285.0,12.12,1519.0,2950.0,1461.0,274.0
295,2019-03-07,830.0,1290.0,12.02,1539.0,2976.0,1458.0,277.0
296,2019-03-08,823.0,1303.0,17.3,1530.0,3023.0,1460.0,276.0
297,2019-03-11,818.0,1301.0,14.35,1530.0,3127.0,1460.0,274.0
298,2019-03-12,838.0,1298.0,14.41,1551.0,3147.0,1458.0,273.0
299,2019-03-13,847.0,1308.0,17.51,1554.0,3149.0,1460.0,274.0
300,2019-03-14,836.0,1303.0,12.3,1553.0,3169.0,1460.0,272.0
301,2019-03-15,832.0,1302.0,13.36,1569.0,3168.0,1459.0,274.0
302,2019-03-18,842.0,1310.0,15.42,1579.0,3191.0,1457.0,277.0
303,2019-03-19,853.0,1314.0,17.4,1591.0,3216.0,1457.0,276.0
304,2019-03-20,867.0,1305.0,14.37,1609.0,3242.0,1462.0,273.0
305,2019-03-21,874.0,1321.0,17.59,1616.0,3282.0,1460.0,275.0
306,2019-03-22,859.0,1313.0,15.4,1577.0,3299.0,1462.0,276.0
307,2019-03-25,857.0,1319.0,15.55,1570.0,3333.0,1457.0,272.0
308,2019-03-26,863.0,1326.0,14.51,1560.0,3337.0,1462.0,275.0
309,2019-03-27,863.0,1319.0,14.35,1473.0,3334.0,1457.0,275.0
310,2019-03-28,855.0,1304.0,15.17,1387.0,3272.0,1458.0,275.0
311,2019-03-29,859.0,1303.0,17.2,1396.0,3098.0,1460.0,275.0
312,2019-04-01,856.0,1299.0,15.16,1427.0,3097.0,1457.0,275.0
313,2019-04-02,853.0,1292.0,12.12,1448.0,3027.0,1457.0,276.0
314,2019-04-03,867.0,1296.0,14.1,1414.0,3025.0,1459.0,274.0
315,2019-04-04,893.0,1287.0,16.0,1387.0,2997.0,1462.0,272.0
316,2019-04-05,908.0,1293.0,13.15,1385.0,2998.0,1461.0,269.0
317,2019-04-08,919.0,1306.0,13.3,1387.0,2999.0,1460.0,268.0
318,2019-04-09,906.0,1309.0,16.35,1406.0,3000.0,1461.0,272.0
319,2019-04-10,902.0,1302.0,15.23,1397.0,2963.0,1461.0,269.0
320,2019-04-11,910.0,1312.0,16.25,1398.0,2965.0,1462.0,270.0
321,2019-04-12,903.0,1299.0,17.0,1386.0,2948.0,1460.0,272.0
322,2019-04-15,892.0,1292.0,15.95,1376.0,2928.0,1458.0,267.0
323,2019-04-16,884.0,1277.0,12.98,1372.0,2930.0,1459.0,270.0
324,2019-04-17,891.0,1281.0,13.07,1384.0,2897.0,1457.0,266.0
325,2019-04-18,897.0,1281.0,15.02,1412.0,2922.0,1457.0,267.0
326,2019-04-23,895.0,1272.0,15.8,1398.0,2952.0,1459.0,270.0
327,2019-04-24,899.0,1277.0,13.85,1417.0,2949.0,1461.0,267.0
328,2019-04-25,894.0,1282.0,12.91,1429.0,2949.0,1461.0,269.0
329,2019-04-26,898.0,1289.0,15.1,1455.0,2949.0,1461.0,257.0
330,2019-04-29,894.0,1281.0,14.0,1368.0,2977.0,1462.0,260.0
331,2019-04-30,889.0,1283.0,12.87,1367.0,2975.0,1462.0,259.0
332,2019-05-02,854.0,1267.0,14.63,1360.0,2924.0,1461.0,258.0
333,2019-05-03,861.0,1280.0,16.88,1377.0,2924.0,1458.0,257.0
334,2019-05-06,870.0,1285.0,13.9,1344.0,2923.0,1461.0,257.0
335,2019-05-07,876.0,1288.0,11.83,1343.0,2922.0,1459.0,262.0
336,2019-05-08,872.0,1288.0,16.0,1337.0,2922.0,1462.0,261.0
337,2019-05-09,856.0,1284.0,13.77,1286.0,2926.0,1461.0,259.0
338,2019-05-10,862.0,1288.0,13.81,1320.0,2926.0,1460.0,260.0
339,2019-05-13,867.0,1294.0,15.74,1341.0,2922.0,1459.0,258.0
340,2019-05-14,863.0,1301.0,12.82,1332.0,2899.0,1459.0,260.0
341,2019-05-15,849.0,1298.0,15.82,1348.0,2898.0,1462.0,258.0
342,2019-05-16,853.0,1298.0,11.8,1344.0,2901.0,1461.0,261.0
343,2019-05-17,828.0,1284.0,15.45,1324.0,2886.0,1459.0,261.0
344,2019-05-20,819.0,1280.0,15.44,1322.0,2849.0,1462.0,259.0
345,2019-05-21,820.0,1278.0,12.47,1344.0,2850.0,1462.0,261.0
346,2019-05-22,812.0,1275.0,12.45,1320.0,2852.0,1461.0,257.0
347,2019-05-23,805.0,1276.0,12.47,1321.0,2801.0,1457.0,258.0
348,2019-05-24,814.0,1290.0,14.6,1333.0,2798.0,1460.0,257.0
349,2019-05-27,806.0,1293.0,15.63,1336.0,2801.0,1457.0,259.0
350,2019-05-28,810.0,1281.0,12.35,1347.0,2797.0,1461.0,260.0
351,2019-05-29,802.0,1285.0,15.42,1350.0,2802.0,1459.0,259.0
352,2019-05-31,795.0,1292.0,12.53,1372.0,2797.0,1460.0,258.0
353,2019-06-03,818.0,1323.0,14.73,1333.0,2848.0,1458.0,262.0
354,2019-06-04,823.0,1327.0,11.76,1350.0,2852.0,1462.0,257.0
355,2019-06-05,826.0,1345.0,12.93,1349.0,2900.0,1460.0,251.0
356,2019-06-06,808.0,1341.0,12.95,1353.0,2924.0,1459.0,251.0
357,2019-06-07,817.0,1346.0,16.1,1372.0,2924.0,1462.0,247.0
358,2019-06-11,811.0,1336.0,13.74,1389.0,3013.0,1459.0,248.0
359,2019-06-12,826.0,1335.0,12.85,1401.0,3252.0,1458.0,247.0
360,2019-06-13,811.0,1342.0,12.84,1445.0,3549.0,1458.0,252.0
361,2019-06-14,811.0,1350.0,14.95,1457.0,3502.0,1458.0,249.0
362,2019-06-17,801.0,1342.0,11.87,1468.0,3452.0,1461.0,250.0
363,2019-06-18,807.0,1356.0,16.03,1491.0,3398.0,1459.0,250.0
364,2019-06-19,806.0,1349.0,15.99,1510.0,3352.0,1462.0,251.0
365,2019-06-21,812.0,1407.0,17.4,1516.0,3247.0,1458.0,251.0
366,2019-06-24,818.0,1422.0,12.47,1537.0,3148.0,1458.0,252.0
367,2019-06-25,821.0,1432.0,17.46,1548.0,3147.0,1458.0,247.0
368,2019-06-26,822.0,1408.0,12.33,1540.0,3148.0,1461.0,248.0
369,2019-06-27,820.0,1407.0,17.25,1542.0,3248.0,1458.0,250.0
370,2019-06-28,830.0,1414.0,17.31,1547.0,3397.0,1459.0,252.0
371,2019-07-01,853.0,1397.0,12.22,1555.0,3451.0,1462.0,251.0
372,2019-07-02,839.0,1393.0,12.19,1554.0,3452.0,1462.0,249.0
373,2019-07-03,847.0,1429.0,15.35,1575.0,3449.0,1461.0,247.0
374,2019-07-04,842.0,1427.0,12.33,1566.0,3449.0,1459.0,248.0
375,2019-07-05,813.0,1393.0,13.01,1568.0,3427.0,1460.0,248.0
376,2019-07-08,820.0,1406.0,17.07,1570.0,3422.0,1460.0,252.0
377,2019-07-09,817.0,1394.0,16.0,1561.0,3498.0,1457.0,247.0
378,2019-07-10,828.0,1417.0,15.3,1591.0,3552.0,1461.0,248.0
379,2019-07-11,831.0,1419.0,12.2,1584.0,3624.0,1458.0,252.0
380,2019-07-12,824.0,1409.0,12.15,1537.0,3623.0,1457.0,248.0
381,2019-07-15,847.0,1421.0,16.4,1573.0,3623.0,1462.0,248.0
382,2019-07-16,848.0,1417.0,12.65,1556.0,3622.0,1461.0,248.0
383,2019-07-17,843.0,1410.0,13.85,1548.0,3548.0,1457.0,249.0
384,2019-07-18,848.0,1422.0,17.08,1517.0,3547.0,1461.0,251.0
385,2019-07-19,857.0,1438.0,18.35,1508.0,3525.0,1462.0,249.0
386,2019-07-22,855.0,1430.0,18.35,1525.0,3497.0,1457.0,249.0
387,2019-07-23,855.0,1427.0,15.52,1537.0,3498.0,1460.0,252.0
388,2019-07-24,873.0,1425.0,14.55,1535.0,3498.0,1462.0,252.0
389,2019-07-25,876.0,1422.0,14.5,1539.0,3549.0,1460.0,252.0
390,2019-07-26,872.0,1426.0,13.47,1543.0,3552.0,1458.0,250.0
391,2019-07-29,884.0,1425.0,18.4,1563.0,3598.0,1461.0,248.0
392,2019-07-30,878.0,1425.0,18.45,1543.0,3650.0,1458.0,248.0
393,2019-07-31,885.0,1434.0,15.55,1537.0,3650.0,1459.0,251.0
394,2019-08-01,854.0,1408.0,16.0,1475.0,3702.0,1458.0,252.0
395,2019-08-02,854.0,1443.0,13.2,1397.0,3626.0,1460.0,251.0
396,2019-08-05,861.0,1465.0,15.49,1452.0,3623.0,1458.0,250.0
397,2019-08-06,852.0,1472.0,14.4,1443.0,3599.0,1462.0,248.0
398,2019-08-07,864.0,1502.0,17.0,1442.0,3701.0,1459.0,247.0
399,2019-08-08,857.0,1501.0,15.95,1435.0,3727.0,1462.0,249.0
400,2019-08-09,868.0,1514.0,14.15,1435.0,3749.0,1458.0,249.0
401,2019-08-12,862.0,1502.0,14.93,1433.0,3752.0,1461.0,248.0
402,2019-08-13,852.0,1497.0,18.9,1469.0,3825.0,1458.0,251.0
403,2019-08-14,856.0,1520.0,18.28,1441.0,3850.0,1461.0,248.0
404,2019-08-15,844.0,1522.0,15.2,1450.0,3914.0,1462.0,250.0
405,2019-08-16,841.0,1512.0,17.1,1455.0,3952.0,1457.0,248.0
406,2019-08-19,856.0,1508.0,15.01,1479.0,3951.0,1462.0,250.0
407,2019-08-20,851.0,1507.0,17.05,1494.0,3952.0,1462.0,252.0
408,2019-08-21,859.0,1504.0,16.1,1499.0,3949.0,1461.0,250.0
409,2019-08-22,847.0,1502.0,17.1,1466.0,3949.0,1458.0,249.0
410,2019-08-23,860.0,1512.0,16.22,1470.0,4173.0,1459.0,250.0
411,2019-08-26,866.0,1534.0,17.57,1479.0,4177.0,1461.0,251.0
412,2019-08-27,868.0,1532.0,17.9,1489.0,4277.0,1457.0,250.0
413,2019-08-28,896.0,1543.0,15.42,1472.0,4647.0,1460.0,252.0
414,2019-08-29,929.0,1551.0,19.62,1494.0,4798.0,1461.0,247.0
415,2019-08-30,942.0,1535.0,16.45,1541.0,5151.0,1459.0,249.0
416,2019-09-02,933.0,1529.0,19.37,1529.0,5151.0,1458.0,249.0
417,2019-09-03,951.0,1547.0,19.93,1542.0,5151.0,1458.0,248.0
418,2019-09-04,993.0,1547.0,20.45,1560.0,5000.0,1459.0,249.0
419,2019-09-05,967.0,1528.0,16.95,1557.0,4751.0,1461.0,247.0
420,2019-09-06,943.0,1507.0,18.17,1557.0,4450.0,1462.0,252.0
421,2019-09-09,955.0,1510.0,15.1,1560.0,4352.0,1459.0,251.0
422,2019-09-10,946.0,1500.0,16.0,1562.0,4497.0,1458.0,249.0
423,2019-09-11,942.0,1496.0,15.1,1585.0,4647.0,1458.0,251.0
424,2019-09-12,953.0,1525.0,19.28,1599.0,5102.0,1462.0,250.0
425,2019-09-13,970.0,1511.0,16.1,1613.0,5097.0,1462.0,247.0
426,2019-09-16,941.0,1504.0,19.84,1608.0,4998.0,1462.0,249.0
427,2019-09-17,943.0,1500.0,19.84,1614.0,4952.0,1482.0,248.0
428,2019-09-18,939.0,1504.0,18.9,1588.0,4951.0,1478.0,251.0
429,2019-09-19,945.0,1510.0,16.93,1614.0,5201.0,1477.0,248.0
430,2019-09-20,944.0,1509.0,14.92,1648.0,5451.0,1482.0,251.0
431,2019-09-23,966.0,1525.0,20.5,1662.0,5500.0,1477.0,251.0
432,2019-09-24,957.0,1523.0,20.4,1671.0,5398.0,1482.0,249.0
433,2019-09-25,948.0,1533.0,17.5,1657.0,5400.0,1477.0,250.0
434,2019-09-26,937.0,1511.0,17.0,1669.0,5376.0,1488.0,252.0
435,2019-09-27,933.0,1500.0,15.6,1663.0,5347.0,1487.0,247.0
436,2019-09-30,908.0,1487.0,14.18,1681.0,5350.0,1490.0,247.0
437,2019-10-01,880.0,1478.0,15.2,1657.0,5299.0,1492.0,247.0
438,2019-10-02,886.0,1499.0,15.43,1691.0,5297.0,1487.0,252.0
439,2019-10-04,880.0,1503.0,14.39,1668.0,5200.0,1502.0,247.0
440,2019-10-07,890.0,1511.0,17.55,1675.0,5147.0,1497.0,252.0
441,2019-10-08,894.0,1508.0,15.62,1659.0,5150.0,1497.0,249.0
442,2019-10-09,900.0,1512.0,18.8,1684.0,5148.0,1497.0,251.0
443,2019-10-10,895.0,1514.0,14.76,1700.0,5249.0,1499.0,249.0
444,2019-10-11,892.0,1488.0,19.55,1708.0,5401.0,1502.0,250.0
445,2019-10-14,902.0,1491.0,17.61,1702.0,5347.0,1498.0,250.0
446,2019-10-15,900.0,1491.0,18.55,1737.0,5451.0,1501.0,248.0
447,2019-10-16,895.0,1496.0,16.43,1766.0,5548.0,1502.0,249.0
448,2019-10-17,890.0,1499.0,14.57,1776.0,5600.0,1499.0,247.0
449,2019-10-18,891.0,1494.0,16.55,1767.0,5602.0,1502.0,252.0
450,2019-10-21,897.0,1496.0,18.75,1776.0,5598.0,1501.0,249.0
451,2019-10-22,896.0,1491.0,15.59,1771.0,5600.0,1502.0,252.0
452,2019-10-23,917.0,1497.0,15.62,1757.0,5502.0,1499.0,249.0
453,2019-10-24,927.0,1497.0,19.6,1753.0,5497.0,1499.0,248.0
454,2019-10-25,936.0,1518.0,20.3,1785.0,5449.0,1498.0,248.0
455,2019-10-28,927.0,1495.0,14.85,1810.0,5448.0,1500.0,251.0
456,2019-10-29,916.0,1499.0,19.79,1799.0,5424.0,1497.0,249.0
457,2019-10-30,929.0,1495.0,17.9,1795.0,5425.0,1501.0,250.0
458,2019-10-31,939.0,1511.0,17.08,1804.0,5423.0,1500.0,250.0
459,2019-11-01,951.0,1513.0,18.1,1819.0,5422.0,1497.0,250.0
460,2019-11-04,951.0,1514.0,15.12,1802.0,5427.0,1500.0,249.0
461,2019-11-05,933.0,1495.0,16.7,1772.0,5424.0,1499.0,250.0
462,2019-11-06,937.0,1487.0,14.6,1802.0,5472.0,1501.0,250.0
463,2019-11-07,933.0,1487.0,19.55,1808.0,5547.0,1501.0,249.0
464,2019-11-08,895.0,1460.0,14.86,1781.0,5576.0,1501.0,249.0
465,2019-11-11,888.0,1466.0,18.92,1754.0,5573.0,1501.0,252.0
466,2019-11-12,869.0,1457.0,18.78,1701.0,5676.0,1501.0,251.0
467,2019-11-13,875.0,1463.0,14.9,1720.0,5672.0,1501.0,252.0
468,2019-11-14,876.0,1472.0,14.1,1732.0,5747.0,1501.0,247.0
469,2019-11-15,892.0,1466.0,19.0,1732.0,6048.0,1499.0,252.0
470,2019-11-18,893.0,1467.0,18.94,1724.0,6123.0,1500.0,249.0
471,2019-11-19,909.0,1476.0,16.06,1759.0,6127.0,1498.0,248.0
472,2019-11-20,919.0,1479.0,15.16,1771.0,6127.0,1501.0,248.0
473,2019-11-21,920.0,1473.0,16.13,1767.0,6124.0,1501.0,251.0
474,2019-11-22,910.0,1472.0,19.15,1764.0,6124.0,1497.0,248.0
475,2019-11-25,898.0,1461.0,13.98,1806.0,6049.0,1498.0,251.0
476,2019-11-26,917.0,1461.0,16.1,1807.0,6051.0,1498.0,251.0
477,2019-11-27,904.0,1457.0,16.05,1806.0,6050.0,1501.0,249.0
478,2019-11-28,898.0,1462.0,18.0,1837.0,6000.0,1501.0,250.0
479,2019-11-29,895.0,1458.0,15.0,1829.0,6000.0,1498.0,247.0
480,2019-12-02,894.0,1461.0,17.96,1851.0,6000.0,1497.0,252.0
481,2019-12-03,912.0,1480.0,15.2,1853.0,5998.0,1498.0,248.0
482,2019-12-04,902.0,1474.0,13.85,1865.0,6001.0,1501.0,247.0
483,2019-12-05,895.0,1480.0,16.92,1857.0,5997.0,1502.0,250.0
484,2019-12-06,900.0,1466.0,15.8,1878.0,6052.0,1498.0,248.0
485,2019-12-09,906.0,1468.0,17.65,1902.0,6150.0,1502.0,247.0
486,2019-12-10,919.0,1466.0,18.63,1893.0,6150.0,1497.0,250.0
487,2019-12-11,935.0,1471.0,17.75,1913.0,6147.0,1498.0,248.0
488,2019-12-12,948.0,1487.0,16.07,1939.0,6252.0,1498.0,248.0
489,2019-12-13,940.0,1470.0,13.9,1979.0,6250.0,1501.0,252.0
490,2019-12-16,940.0,1483.0,14.05,1968.0,6249.0,1497.0,251.0
491,2019-12-17,935.0,1479.0,19.09,1960.0,6248.0,1501.0,248.0
492,2019-12-18,935.0,1482.0,14.09,1949.0,6198.0,1501.0,252.0
493,2019-12-19,943.0,1482.0,14.0,1942.0,6177.0,1502.0,247.0
494,2019-12-20,926.0,1480.0,14.24,1899.0,6174.0,1498.0,250.0
495,2019-12-23,927.0,1488.0,17.35,1882.0,6174.0,1498.0,250.0
496,2019-12-27,947.0,1516.0,17.84,1909.0,6174.0,1500.0,251.0
497,2019-12-30,950.0,1517.0,19.95,1907.0,6174.0,1502.0,248.0
498,2020-01-02,991.0,1526.0,20.03,1942.0,6252.0,1498.0,251.0
499,2020-01-03,1000.0,1549.0,17.25,1968.0,6350.0,1501.0,255.0
500,2020-01-06,965.0,1563.0,15.08,2028.0,6947.0,1501.0,257.0
501,2020-01-07,962.0,1571.0,15.23,2042.0,7848.0,1499.0,252.0
502,2020-01-08,967.0,1572.0,17.28,2097.0,8148.0,1499.0,253.0
503,2020-01-09,972.0,1554.0,15.92,2127.0,8150.0,1502.0,254.0
504,2020-01-10,976.0,1556.0,17.05,2120.0,7949.0,1500.0,253.0
505,2020-01-13,977.0,1554.0,16.0,2132.0,7948.0,1502.0,257.0
506,2020-01-14,977.0,1544.0,14.81,2152.0,7950.0,1501.0,255.0
507,2020-01-15,1029.0,1554.0,16.95,2257.0,8251.0,1501.0,254.0
508,2020-01-16,1004.0,1553.0,18.0,2283.0,8649.0,1510.0,258.0
509,2020-01-17,1024.0,1557.0,20.08,2530.0,9449.0,1511.0,257.0
510,2020-01-20,1029.0,1566.0,19.09,2527.0,9549.0,1507.0,257.0
511,2020-01-21,999.0,1559.0,14.72,2413.0,10152.0,1509.0,259.0
512,2020-01-22,1011.0,1558.0,15.85,2434.0,10150.0,1510.0,259.0
513,2020-01-23,1008.0,1558.0,18.77,2436.0,10148.0,1508.0,257.0
514,2020-01-24,1020.0,1575.0,20.05,2398.0,10449.0,1509.0,261.0
515,2020-01-27,997.0,1586.0,18.24,2352.0,10451.0,1512.0,257.0
516,2020-01-28,994.0,1582.0,15.7,2269.0,10447.0,1509.0,259.0
517,2020-01-29,999.0,1575.0,18.55,2309.0,10451.0,1511.0,260.0
518,2020-01-30,981.0,1585.0,19.83,2292.0,10448.0,1510.0,259.0
519,2020-01-31,977.0,1584.0,16.85,2292.0,10748.0,1507.0,257.0
520,2020-02-03,978.0,1583.0,15.79,2320.0,10750.0,1508.0,258.0
521,2020-02-04,971.0,1567.0,18.66,2403.0,10952.0,1517.0,259.0
522,2020-02-05,984.0,1558.0,14.63,2448.0,10949.0,1519.0,259.0
523,2020-02-06,976.0,1571.0,15.82,2411.0,10950.0,1521.0,258.0
524,2020-02-07,976.0,1570.0,19.82,2352.0,10849.0,1522.0,259.0
525,2020-02-10,964.0,1575.0,18.74,2372.0,10849.0,1520.0,258.0
526,2020-02-11,973.0,1574.0,19.8,2371.0,10849.0,1520.0,261.0
527,2020-02-12,965.0,1569.0,17.52,2367.0,10948.0,1520.0,257.0
528,2020-02-13,976.0,1578.0,14.7,2423.0,11252.0,1520.0,259.0
529,2020-02-14,980.0,1579.0,16.71,2466.0,11549.0,1517.0,259.0
530,2020-02-17,972.0,1584.0,16.88,2456.0,11847.0,1520.0,261.0
531,2020-02-18,993.0,1602.0,16.2,2593.0,12501.0,1517.0,266.0
532,2020-02-19,1008.0,1610.0,17.25,2725.0,12802.0,1517.0,267.0
533,2020-02-20,992.0,1620.0,19.4,2715.0,12952.0,1518.0,266.0
534,2020-02-21,982.0,1643.0,18.6,2702.0,12947.0,1522.0,263.0
535,2020-02-24,972.0,1677.0,20.75,2640.0,12949.0,1518.0,266.0
536,2020-02-25,959.0,1657.0,20.38,2702.0,13098.0,1520.0,265.0
537,2020-02-26,927.0,1648.0,16.16,2733.0,13099.0,1519.0,264.0
538,2020-02-27,921.0,1654.0,20.05,2781.0,13201.0,1518.0,262.0
539,2020-02-28,869.0,1612.0,16.8,2599.0,13000.0,1519.0,263.0
540,2020-03-02,871.0,1602.0,13.72,2616.0,12500.0,1518.0,263.0
541,2020-03-03,876.0,1623.0,14.06,2537.0,12199.0,1521.0,266.0
542,2020-03-04,885.0,1639.0,18.25,2486.0,12202.0,1522.0,264.0
543,2020-03-05,874.0,1655.0,18.35,2502.0,12200.0,1520.0,264.0
544,2020-03-06,900.0,1672.0,14.2,2560.0,13451.0,1521.0,266.0
545,2020-03-09,873.0,1685.0,14.9,2522.0,14149.0,1518.0,266.0
546,2020-03-10,881.0,1655.0,16.95,2462.0,14149.0,1531.0,263.0
547,2020-03-11,879.0,1660.0,15.9,2378.0,14147.0,1529.0,265.0
548,2020-03-12,782.0,1580.0,12.57,1902.0,13649.0,1531.0,267.0
549,2020-03-13,772.0,1543.0,12.8,1773.0,12847.0,1530.0,265.0
550,2020-03-16,699.0,1487.0,9.95,1629.0,10951.0,1531.0,265.0
551,2020-03-17,696.0,1536.0,12.7,1759.0,8952.0,1530.0,267.0
552,2020-03-18,635.0,1504.0,10.2,1626.0,7948.0,1510.0,263.0
553,2020-03-19,614.0,1488.0,9.1,1731.0,5948.0,1509.0,266.0
554,2020-03-20,641.0,1506.0,9.62,1674.0,5948.0,1510.0,264.0
555,2020-03-23,642.0,1526.0,10.95,1675.0,5951.0,1509.0,263.0
556,2020-03-24,696.0,1610.0,14.9,1953.0,6451.0,1512.0,265.0
557,2020-03-25,728.0,1619.0,14.2,2374.0,9452.0,1509.0,264.0
558,2020-03-26,748.0,1645.0,13.65,2329.0,10950.0,1509.0,265.0
559,2020-03-27,749.0,1620.0,13.35,2352.0,11448.0,1511.0,264.0
560,2020-03-30,736.0,1624.0,14.0,2276.0,11949.0,1508.0,284.0
561,2020-03-31,736.0,1612.0,16.1,2390.0,11952.0,1517.0,283.0
562,2020-04-01,720.0,1589.0,11.07,2257.0,10950.0,1521.0,287.0
563,2020-04-02,730.0,1607.0,12.4,2201.0,10447.0,1519.0,282.0
564,2020-04-03,735.0,1621.0,13.5,2217.0,9449.0,1542.0,283.0
565,2020-04-06,739.0,1640.0,15.5,2160.0,8450.0,1540.0,282.0
566,2020-04-07,748.0,1653.0,17.25,2241.0,7822.0,1541.0,297.0
567,2020-04-08,749.0,1657.0,16.1,2220.0,7773.0,1542.0,293.0
568,2020-04-09,746.0,1657.0,17.11,2212.0,7826.0,1537.0,295.0
569,2020-04-14,797.0,1741.0,15.75,2277.0,8049.0,1548.0,293.0
570,2020-04-15,784.0,1727.0,17.52,2181.0,9450.0,1549.0,296.0
571,2020-04-16,801.0,1731.0,13.52,2222.0,10947.0,1551.0,296.0
572,2020-04-17,790.0,1697.0,15.2,2182.0,10448.0,1551.0,292.0
573,2020-04-20,788.0,1687.0,16.26,2217.0,10447.0,1579.0,305.0
574,2020-04-21,752.0,1686.0,15.74,1972.0,9951.0,1602.0,307.0
575,2020-04-22,770.0,1707.0,17.02,1992.0,9248.0,1601.0,303.0
576,2020-04-23,780.0,1737.0,17.4,2050.0,9251.0,1597.0,316.0
577,2020-04-24,778.0,1736.0,13.3,2042.0,9247.0,1598.0,313.0
578,2020-04-27,768.0,1720.0,12.25,1976.0,8947.0,1600.0,315.0
579,2020-04-28,782.0,1714.0,17.22,1907.0,8648.0,1602.0,316.0
580,2020-04-29,787.0,1706.0,16.28,1950.0,8650.0,1597.0,317.0
581,2020-04-30,788.0,1718.0,13.33,2012.0,8649.0,1600.0,316.0
582,2020-05-04,768.0,1710.0,12.85,1912.0,8652.0,1597.0,312.0
583,2020-05-05,778.0,1698.0,15.88,1802.0,7597.0,1597.0,313.0
584,2020-05-06,761.0,1696.0,14.92,1785.0,7598.0,1601.0,316.0
585,2020-05-07,768.0,1694.0,15.98,1842.0,7599.0,1597.0,315.0
586,2020-05-08,773.0,1723.0,14.47,1889.0,7652.0,1619.0,314.0
587,2020-05-11,766.0,1710.0,12.5,1874.0,8447.0,1618.0,313.0
588,2020-05-12,782.0,1706.0,16.52,1849.0,8451.0,1621.0,312.0
589,2020-05-13,775.0,1711.0,17.53,1849.0,8452.0,1622.0,314.0
590,2020-05-14,772.0,1718.0,14.51,1802.0,8450.0,1622.0,314.0
591,2020-05-15,784.0,1744.0,15.44,1842.0,8452.0,1619.0,313.0
592,2020-05-18,823.0,1751.0,14.1,2012.0,8447.0,1619.0,315.0
593,2020-05-19,838.0,1743.0,15.43,2062.0,9652.0,1632.0,316.0
594,2020-05-20,863.0,1756.0,15.55,2102.0,9948.0,1634.0,315.0
595,2020-05-22,844.0,1739.0,18.06,2044.0,9947.0,1632.0,303.0
596,2020-05-25,835.0,1730.0,19.0,1977.0,9451.0,1634.0,303.0
597,2020-05-26,847.0,1728.0,17.45,2001.0,9447.0,1636.0,306.0
598,2020-05-27,842.0,1705.0,14.1,1972.0,9848.0,1635.0,304.0
599,2020-05-28,846.0,1731.0,14.5,1948.0,10151.0,1649.0,307.0
600,2020-05-29,848.0,1734.0,15.65,1966.0,10147.0,1652.0,306.0
601,2020-06-02,862.0,1742.0,20.27,1977.0,9452.0,1651.0,296.0
602,2020-06-03,839.0,1702.0,18.56,1972.0,9148.0,1651.0,292.0
603,2020-06-04,843.0,1711.0,14.65,1854.0,9148.0,1648.0,294.0
604,2020-06-05,827.0,1687.0,18.3,1957.0,9351.0,1648.0,293.0
605,2020-06-08,845.0,1696.0,14.6,2000.0,9647.0,1651.0,293.0
606,2020-06-09,846.0,1720.0,17.72,1978.0,9649.0,1650.0,293.0
607,2020-06-10,838.0,1728.0,15.9,1958.0,9647.0,1650.0,292.0
608,2020-06-12,833.0,1734.0,14.6,1952.0,9649.0,1651.0,297.0
609,2020-06-15,815.0,1716.0,16.28,1919.0,9649.0,1651.0,292.0
610,2020-06-16,838.0,1731.0,14.55,1977.0,9650.0,1652.0,292.0
611,2020-06-17,832.0,1734.0,14.5,1943.0,9652.0,1649.0,292.0
612,2020-06-18,822.0,1730.0,14.55,1923.0,9347.0,1647.0,294.0
613,2020-06-19,831.0,1741.0,14.8,1931.0,9152.0,1649.0,293.0
614,2020-06-22,834.0,1757.0,16.0,1934.0,9150.0,1649.0,294.0
615,2020-06-23,832.0,1768.0,19.96,1941.0,8948.0,1652.0,296.0
616,2020-06-24,812.0,1771.0,16.65,1929.0,8950.0,1648.0,292.0
617,2020-06-25,803.0,1767.0,19.73,1867.0,8949.0,1649.0,294.0
618,2020-06-26,809.0,1757.0,19.65,1867.0,8952.0,1649.0,294.0
619,2020-06-29,822.0,1780.0,15.9,1899.0,8948.0,1652.0,296.0
620,2020-06-30,826.0,1770.0,18.82,1912.0,8948.0,1648.0,295.0
621,2020-07-01,824.0,1781.0,19.15,1931.0,8952.0,1652.0,295.0
622,2020-07-02,829.0,1771.0,19.9,1926.0,8952.0,1649.0,293.0
623,2020-07-03,822.0,1776.0,19.98,1915.0,8950.0,1652.0,297.0
624,2020-07-06,838.0,1788.0,19.38,1934.0,8950.0,1649.0,293.0
625,2020-07-07,839.0,1798.0,17.35,1939.0,8952.0,1651.0,297.0
626,2020-07-08,859.0,1819.0,20.67,1951.0,8952.0,1647.0,292.0
627,2020-07-09,866.0,1818.0,19.95,1982.0,8948.0,1648.0,295.0
628,2020-07-10,850.0,1811.0,15.77,1949.0,8952.0,1649.0,296.0
629,2020-07-13,853.0,1812.0,16.23,2058.0,8948.0,1652.0,294.0
630,2020-07-14,837.0,1803.0,17.07,1977.0,8948.0,1649.0,297.0
631,2020-07-15,838.0,1814.0,17.3,1979.0,8947.0,1652.0,296.0
632,2020-07-16,832.0,1811.0,18.24,2003.0,8950.0,1649.0,294.0
633,2020-07-17,840.0,1811.0,16.2,2037.0,8948.0,1650.0,295.0
634,2020-07-20,852.0,1821.0,19.65,2043.0,8952.0,1648.0,294.0
635,2020-07-21,888.0,1844.0,18.17,2167.0,8949.0,1650.0,295.0
636,2020-07-22,906.0,1855.0,19.25,2147.0,8947.0,1647.0,292.0
637,2020-07-23,918.0,1884.0,19.82,2157.0,8951.0,1650.0,293.0
638,2020-07-24,942.0,1910.0,21.82,2221.0,8952.0,1650.0,294.0
639,2020-07-27,956.0,1945.0,22.3,2330.0,8951.0,1650.0,293.0
640,2020-07-28,951.0,1944.0,25.85,2300.0,8950.0,1651.0,293.0
641,2020-07-29,943.0,1960.0,24.15,2162.0,8950.0,1648.0,294.0
642,2020-07-30,911.0,1961.0,23.4,2059.0,9148.0,1652.0,294.0
643,2020-07-31,916.0,1964.0,24.8,2088.0,9151.0,1647.0,296.0
644,2020-08-03,932.0,1967.0,22.2,2135.0,9150.0,1652.0,297.0
645,2020-08-04,940.0,1990.0,24.65,2118.0,9148.0,1647.0,294.0
646,2020-08-05,975.0,2048.0,28.05,2199.0,9149.0,1649.0,296.0
647,2020-08-06,988.0,2063.0,30.1,2240.0,9447.0,1650.0,297.0
648,2020-08-07,979.0,2053.0,29.25,2165.0,10448.0,1650.0,295.0
649,2020-08-10,1007.0,2052.0,30.25,2304.0,10947.0,1651.0,294.0
650,2020-08-11,957.0,1964.0,26.3,2145.0,10952.0,1649.0,294.0
651,2020-08-12,932.0,1943.0,25.7,2161.0,10952.0,1652.0,293.0
652,2020-08-13,952.0,1942.0,27.45,2191.0,11151.0,1651.0,292.0
653,2020-08-14,969.0,1955.0,23.86,2176.0,11351.0,1648.0,297.0
654,2020-08-17,959.0,1974.0,24.4,2199.0,11948.0,1649.0,294.0
655,2020-08-18,959.0,1997.0,25.85,2176.0,12150.0,1650.0,296.0
656,2020-08-19,955.0,1998.0,28.0,2181.0,12348.0,1651.0,295.0
657,2020-08-20,921.0,1932.0,27.95,2163.0,12549.0,1652.0,292.0
658,2020-08-21,907.0,1924.0,27.35,2177.0,12551.0,1648.0,296.0
659,2020-08-24,938.0,1954.0,27.87,2190.0,12551.0,1650.0,292.0
660,2020-08-25,932.0,1935.0,26.55,2162.0,12352.0,1649.0,293.0
661,2020-08-26,930.0,1932.0,27.6,2188.0,12350.0,1651.0,292.0
662,2020-08-27,933.0,1942.0,27.1,2207.0,12348.0,1652.0,293.0
663,2020-08-28,942.0,1964.0,28.65,2188.0,12347.0,1648.0,292.0
664,2020-08-31,943.0,1980.0,26.16,2268.0,12351.0,1650.0,292.0
665,2020-09-01,964.0,1989.0,26.85,2315.0,12498.0,1650.0,297.0
666,2020-09-02,925.0,1960.0,25.5,2261.0,12747.0,1648.0,294.0
667,2020-09-03,920.0,1938.0,24.4,2377.0,13149.0,1652.0,292.0
668,2020-09-04,918.0,1946.0,23.9,2286.0,13451.0,1652.0,294.0
669,2020-09-07,908.0,1936.0,26.85,2310.0,13448.0,1649.0,293.0
670,2020-09-08,921.0,1922.0,26.35,2292.0,13451.0,1649.0,293.0
671,2020-09-09,927.0,1945.0,25.85,2287.0,13447.0,1650.0,296.0
672,2020-09-10,936.0,1964.0,25.37,2328.0,13448.0,1647.0,293.0
673,2020-09-11,943.0,1957.0,24.95,2343.0,13647.0,1651.0,293.0
674,2020-09-14,951.0,1949.0,28.95,2331.0,13948.0,1651.0,295.0
675,2020-09-15,966.0,1956.0,29.15,2343.0,14748.0,1650.0,297.0
676,2020-09-16,985.0,1973.0,26.5,2418.0,14599.0,1648.0,292.0
677,2020-09-17,943.0,1939.0,27.5,2347.0,14449.0,1647.0,296.0
678,2020-09-18,938.0,1958.0,26.95,2334.0,14452.0,1650.0,296.0
679,2020-09-21,891.0,1907.0,21.9,2289.0,14349.0,1651.0,294.0
680,2020-09-22,889.0,1918.0,22.55,2277.0,14152.0,1649.0,297.0
681,2020-09-23,860.0,1877.0,22.2,2242.0,14151.0,1648.0,296.0
682,2020-09-24,842.0,1863.0,19.05,2227.0,13997.0,1651.0,294.0
683,2020-09-25,847.0,1864.0,24.75,2216.0,14000.0,1652.0,296.0
684,2020-09-28,876.0,1877.0,25.5,2255.0,13802.0,1647.0,292.0
685,2020-09-29,888.0,1887.0,23.0,2282.0,13949.0,1647.0,293.0
686,2020-09-30,893.0,1898.0,23.1,2342.0,14100.0,1652.0,293.0
687,2020-10-01,899.0,1896.0,22.45,2337.0,14098.0,1649.0,293.0
688,2020-10-02,892.0,1914.0,25.1,2320.0,14099.0,1650.0,295.0
689,2020-10-05,899.0,1918.0,22.28,2362.0,14101.0,1650.0,294.0
690,2020-10-06,884.0,1924.0,23.4,2391.0,13648.0,1648.0,295.0
691,2020-10-07,876.0,1891.0,25.6,2385.0,13649.0,1647.0,292.0
692,2020-10-08,879.0,1903.0,25.1,2402.0,13150.0,1651.0,296.0
693,2020-10-09,899.0,1925.0,26.7,2460.0,13252.0,1647.0,295.0
694,2020-10-12,892.0,1932.0,22.2,2446.0,13552.0,1652.0,295.0
695,2020-10-13,867.0,1902.0,26.25,2340.0,14052.0,1650.0,297.0
696,2020-10-14,868.0,1909.0,21.55,2366.0,14049.0,1650.0,297.0
697,2020-10-15,866.0,1902.0,21.0,2349.0,14048.0,1651.0,294.0
698,2020-10-16,867.0,1912.0,26.47,2346.0,14047.0,1650.0,295.0
699,2020-10-19,877.0,1919.0,23.83,2345.0,14197.0,1649.0,293.0
700,2020-10-20,877.0,1907.0,23.67,2396.0,14648.0,1652.0,296.0
701,2020-10-21,893.0,1927.0,23.1,2414.0,14597.0,1649.0,296.0
702,2020-10-22,882.0,1911.0,21.6,2375.0,14602.0,1650.0,295.0
703,2020-10-23,910.0,1917.0,25.85,2401.0,14599.0,1647.0,297.0
704,2020-10-26,884.0,1911.0,22.4,2363.0,14502.0,1648.0,293.0
705,2020-10-27,891.0,1901.0,24.35,2347.0,14498.0,1651.0,295.0
706,2020-10-28,878.0,1885.0,22.25,2238.0,14151.0,1652.0,292.0
707,2020-10-29,863.0,1878.0,22.44,2213.0,13948.0,1650.0,297.0
708,2020-10-30,861.0,1895.0,23.78,2250.0,13752.0,1648.0,295.0
709,2020-11-02,861.0,1892.0,25.95,2218.0,13548.0,1650.0,295.0
710,2020-11-03,889.0,1912.0,26.35,2293.0,14051.0,1650.0,293.0
711,2020-11-04,878.0,1907.0,21.1,2294.0,14201.0,1667.0,296.0
712,2020-11-05,897.0,1932.0,22.0,2413.0,14352.0,1668.0,293.0
713,2020-11-06,903.0,1952.0,22.35,2447.0,14849.0,1667.0,294.0
714,2020-11-09,865.0,1870.0,23.15,2492.0,15002.0,1667.0,293.0
715,2020-11-10,875.0,1876.0,23.05,2487.0,14999.0,1671.0,296.0
716,2020-11-11,881.0,1871.0,23.9,2449.0,15000.0,1671.0,296.0
717,2020-11-12,882.0,1875.0,23.27,2356.0,15001.0,1671.0,297.0
718,2020-11-13,895.0,1895.0,21.65,2352.0,14901.0,1667.0,297.0
719,2020-11-16,917.0,1893.0,24.65,2314.0,14901.0,1667.0,295.0
720,2020-11-17,938.0,1898.0,22.7,2347.0,15050.0,1667.0,292.0
721,2020-11-18,945.0,1882.0,24.49,2346.0,15947.0,1672.0,295.0
722,2020-11-19,955.0,1862.0,20.9,2330.0,16149.0,1667.0,293.0
723,2020-11-20,965.0,1878.0,21.4,2340.0,16297.0,1667.0,295.0
724,2020-11-23,947.0,1837.0,24.55,2337.0,16301.0,1668.0,293.0
725,2020-11-24,958.0,1806.0,22.1,2357.0,16302.0,1670.0,294.0
726,2020-11-25,964.0,1818.0,24.35,2328.0,16299.0,1670.0,295.0
727,2020-11-26,974.0,1817.0,24.4,2377.0,16298.0,1669.0,295.0
728,2020-11-27,960.0,1784.0,20.6,2382.0,16302.0,1670.0,296.0
729,2020-11-30,976.0,1776.0,24.2,2416.0,16299.0,1667.0,292.0
730,2020-12-01,995.0,1821.0,24.7,2430.0,16300.0,1687.0,293.0
731,2020-12-02,1020.0,1828.0,24.75,2397.0,16299.0,1697.0,293.0
732,2020-12-03,1036.0,1839.0,22.05,2398.0,16302.0,1698.0,296.0
733,2020-12-04,1073.0,1845.0,25.15,2374.0,16651.0,1715.0,295.0
734,2020-12-07,1044.0,1860.0,23.4,2347.0,16502.0,1713.0,292.0
735,2020-12-08,1034.0,1875.0,24.65,2344.0,16502.0,1713.0,297.0
736,2020-12-09,1033.0,1858.0,21.3,2325.0,16501.0,1748.0,293.0
737,2020-12-10,1046.0,1851.0,26.2,2364.0,16498.0,1749.0,294.0
738,2020-12-11,1018.0,1842.0,25.0,2337.0,16498.0,1750.0,297.0
739,2020-12-14,1022.0,1838.0,24.1,2332.0,16602.0,1826.0,296.0
740,2020-12-15,1033.0,1852.0,23.45,2349.0,16749.0,1872.0,294.0
741,2020-12-16,1037.0,1861.0,24.93,2322.0,16752.0,1923.0,297.0
742,2020-12-17,1061.0,1892.0,26.0,2361.0,16948.0,2100.0,293.0
743,2020-12-18,1055.0,1886.0,23.9,2351.0,16950.0,2452.0,294.0
744,2020-12-21,1002.0,1888.0,26.15,2331.0,17049.0,2948.0,292.0
745,2020-12-22,1028.0,1890.0,24.05,2381.0,17047.0,3050.0,293.0
746,2020-12-23,1023.0,1872.0,26.5,2352.0,17052.0,3048.0,294.0
747,2020-12-28,1050.0,1889.0,23.65,2449.0,17051.0,3049.0,296.0
748,2020-12-29,1043.0,1880.0,23.12,2366.0,17051.0,3051.0,297.0
749,2020-12-30,1072.0,1887.0,24.35,2352.0,17347.0,3051.0,294.0
750,2021-01-04,1128.0,1943.0,25.5,2470.0,18147.0,3047.0,293.0
751,2021-01-05,1094.0,1953.0,28.5,2434.0,18647.0,3050.0,293.0
752,2021-01-06,1106.0,1939.0,24.35,2422.0,18948.0,3151.0,294.0
753,2021-01-07,1115.0,1923.0,24.2,2423.0,18947.0,3448.0,297.0
754,2021-01-08,1092.0,1872.0,23.05,2383.0,18949.0,3448.0,292.0
755,2021-01-11,1037.0,1846.0,23.05,2359.0,19451.0,3647.0,325.0
756,2021-01-12,1069.0,1855.0,23.35,2390.0,19948.0,3652.0,334.0
757,2021-01-13,1105.0,1863.0,25.45,2402.0,20952.0,3949.0,335.0
758,2021-01-14,1118.0,1854.0,23.4,2402.0,21102.0,3948.0,332.0
759,2021-01-15,1087.0,1840.0,23.8,2411.0,21950.0,3952.0,332.0
760,2021-01-18,1087.0,1832.0,23.85,2402.0,21947.0,3950.0,334.0
761,2021-01-19,1091.0,1841.0,26.1,2382.0,22448.0,4052.0,337.0
762,2021-01-20,1113.0,1869.0,25.7,2385.0,22148.0,4048.0,337.0
763,2021-01-21,1147.0,1862.0,27.75,2392.0,21199.0,4101.0,337.0
764,2021-01-22,1113.0,1852.0,26.4,2373.0,20700.0,4097.0,333.0
765,2021-01-25,1107.0,1860.0,23.4,2348.0,19698.0,4101.0,353.0
766,2021-01-26,1107.0,1865.0,22.55,2340.0,19701.0,4351.0,354.0
767,2021-01-27,1077.0,1838.0,23.85,2314.0,19700.0,4449.0,365.0
768,2021-01-28,1101.0,1865.0,27.65,2354.0,19698.0,4448.0,376.0
769,2021-01-29,1100.0,1869.0,26.35,2305.0,20702.0,4451.0,377.0
770,2021-02-01,1128.0,1864.0,26.45,2282.0,20697.0,4648.0,376.0
771,2021-02-02,1110.0,1837.0,27.0,2247.0,20697.0,4649.0,372.0
772,2021-02-03,1113.0,1845.0,28.1,2272.0,21851.0,4751.0,374.0
773,2021-02-04,1091.0,1803.0,25.2,2269.0,22451.0,4747.0,374.0
774,2021-02-05,1124.0,1813.0,26.7,2349.0,22448.0,4750.0,376.0
775,2021-02-08,1175.0,1839.0,29.55,2362.0,22449.0,4750.0,376.0
776,2021-02-09,1187.0,1842.0,25.45,2331.0,22347.0,4948.0,376.0
777,2021-02-10,1247.0,1853.0,27.5,2379.0,22449.0,4948.0,374.0
778,2021-02-11,1255.0,1848.0,28.25,2381.0,22650.0,5047.0,376.0
779,2021-02-12,1230.0,1821.0,24.25,2378.0,23048.0,5047.0,375.0
780,2021-02-15,1308.0,1824.0,28.7,2436.0,23048.0,5051.0,376.0
781,2021-02-16,1298.0,1813.0,29.45,2409.0,23449.0,5051.0,376.0
782,2021-02-17,1262.0,1786.0,24.15,2401.0,23447.0,5051.0,376.0
783,2021-02-18,1272.0,1779.0,25.15,2384.0,23749.0,5050.0,376.0
784,2021-02-19,1299.0,1782.0,27.15,2385.0,24347.0,5050.0,375.0
785,2021-02-22,1282.0,1810.0,25.75,2407.0,24748.0,5050.0,375.0
786,2021-02-23,1243.0,1806.0,26.6,2345.0,25248.0,5150.0,372.0
787,2021-02-24,1257.0,1795.0,25.7,2407.0,25949.0,5152.0,382.0
788,2021-02-25,1255.0,1780.0,24.75,2470.0,27248.0,5302.0,397.0
789,2021-02-26,1197.0,1733.0,23.45,2335.0,27549.0,5400.0,396.0
790,2021-03-01,1219.0,1741.0,28.85,2367.0,28948.0,5399.0,392.0
791,2021-03-02,1194.0,1732.0,23.4,2373.0,28952.0,5398.0,393.0
792,2021-03-03,1193.0,1714.0,27.25,2374.0,29752.0,5397.0,395.0
793,2021-03-04,1178.0,1716.0,23.0,2378.0,30151.0,5700.0,404.0
794,2021-03-05,1139.0,1700.0,25.25,2375.0,30149.0,5699.0,403.0
795,2021-03-08,1156.0,1694.0,22.25,2332.0,29752.0,5952.0,408.0
796,2021-03-09,1178.0,1722.0,24.0,2305.0,28251.0,5947.0,420.0
797,2021-03-10,1192.0,1721.0,27.0,2304.0,27452.0,6051.0,417.0
798,2021-03-11,1215.0,1731.0,25.05,2372.0,24950.0,6051.0,418.0
799,2021-03-12,1195.0,1712.0,26.65,2372.0,25048.0,6101.0,419.0
800,2021-03-15,1216.0,1729.0,27.1,2400.0,25449.0,6101.0,420.0
801,2021-03-16,1220.0,1737.0,28.0,2514.0,25948.0,6201.0,420.0
802,2021-03-17,1207.0,1736.0,23.0,2501.0,27698.0,6447.0,433.0
803,2021-03-18,1226.0,1734.0,23.0,2752.0,28699.0,6449.0,433.0
804,2021-03-19,1192.0,1742.0,23.2,2637.0,30700.0,6602.0,435.0
805,2021-03-22,1193.0,1735.0,26.65,2616.0,30952.0,6598.0,432.0
806,2021-03-23,1187.0,1731.0,25.2,2636.0,30450.0,6350.0,437.0
807,2021-03-24,1186.0,1732.0,26.3,2632.0,29652.0,6348.0,433.0
808,2021-03-25,1164.0,1739.0,26.0,2626.0,29047.0,6349.0,433.0
809,2021-03-26,1178.0,1739.0,25.05,2672.0,27400.0,6352.0,433.0
810,2021-03-29,1189.0,1720.0,22.65,2553.0,27100.0,6351.0,433.0
811,2021-03-30,1172.0,1688.0,24.1,2603.0,27097.0,6348.0,435.0
812,2021-03-31,1189.0,1690.0,21.1,2635.0,27750.0,6349.0,444.0
813,2021-04-01,1206.0,1725.0,26.65,2647.0,27750.0,6351.0,446.0
814,2021-04-06,1240.0,1742.0,25.1,2694.0,29948.0,6347.0,444.0
815,2021-04-07,1242.0,1735.0,22.9,2643.0,29950.0,6348.0,442.0
816,2021-04-08,1238.0,1758.0,27.55,2652.0,29951.0,6349.0,443.0
817,2021-04-09,1209.0,1746.0,27.1,2651.0,29248.0,6450.0,456.0
818,2021-04-12,1191.0,1742.0,26.2,2659.0,28947.0,6452.0,452.0
819,2021-04-13,1186.0,1752.0,27.4,2692.0,28952.0,6650.0,457.0
820,2021-04-14,1183.0,1740.0,25.35,2692.0,29449.0,6752.0,464.0
821,2021-04-15,1201.0,1759.0,25.8,2741.0,29700.0,6750.0,466.0
822,2021-04-16,1202.0,1779.0,26.15,2774.0,30199.0,6749.0,464.0
823,2021-04-19,1216.0,1777.0,26.8,2827.0,30201.0,6749.0,466.0
824,2021-04-20,1209.0,1779.0,23.95,2786.0,30199.0,6752.0,463.0
825,2021-04-21,1213.0,1800.0,28.4,2890.0,30202.0,6751.0,465.0
826,2021-04-22,1207.0,1790.0,26.25,2857.0,29701.0,6752.0,464.0
827,2021-04-23,1238.0,1776.0,26.85,2857.0,29902.0,6752.0,463.0
828,2021-04-26,1241.0,1783.0,25.15,2920.0,29898.0,6752.0,462.0
829,2021-04-27,1255.0,1789.0,23.4,2932.0,30052.0,6752.0,479.0
830,2021-04-28,1222.0,1777.0,23.0,2932.0,30350.0,6749.0,487.0
831,2021-04-29,1198.0,1762.0,24.85,2953.0,30802.0,6750.0,484.0
832,2021-04-30,1219.0,1771.0,27.05,2992.0,30801.0,6752.0,486.0
833,2021-05-03,1242.0,1792.0,26.85,2993.0,30951.0,6752.0,486.0
834,2021-05-04,1270.0,1801.0,24.05,2997.0,30949.0,6752.0,484.0
835,2021-05-05,1227.0,1784.0,23.5,2984.0,30552.0,6747.0,499.0
836,2021-05-06,1250.0,1813.0,24.25,2956.0,30250.0,6752.0,505.0
837,2021-05-07,1267.0,1842.0,27.5,2917.0,29748.0,6748.0,502.0
838,2021-05-10,1280.0,1842.0,27.6,2986.0,28748.0,6752.0,507.0
839,2021-05-11,1229.0,1833.0,26.3,2928.0,28750.0,6749.0,543.0
840,2021-05-12,1244.0,1835.0,28.35,2946.0,29748.0,6749.0,596.0
841,2021-05-14,1230.0,1837.0,24.2,2902.0,29249.0,6751.0,743.0
842,2021-05-17,1240.0,1853.0,25.6,2906.0,28949.0,6750.0,793.0
843,2021-05-18,1219.0,1871.0,25.2,2903.0,28750.0,6751.0,846.0
844,2021-05-19,1207.0,1892.0,29.15,2871.0,28749.0,6750.0,844.0
845,2021-05-20,1210.0,1874.0,24.6,2876.0,28747.0,6749.0,895.0
846,2021-05-21,1204.0,1880.0,27.65,2815.0,27747.0,6750.0,942.0
847,2021-05-25,1196.0,1888.0,28.7,2762.0,23949.0,6650.0,943.0
848,2021-05-26,1202.0,1909.0,26.95,2760.0,22950.0,6651.0,893.0
849,2021-05-27,1181.0,1902.0,27.65,2812.0,24447.0,6551.0,895.0
850,2021-05-28,1190.0,1896.0,28.6,2820.0,26950.0,6551.0,892.0
851,2021-05-31,1197.0,1908.0,25.0,2847.0,26450.0,6547.0,896.0
852,2021-06-01,1202.0,1903.0,30.2,2852.0,25750.0,6550.0,893.0
853,2021-06-02,1198.0,1910.0,25.95,2861.0,25548.0,6552.0,892.0
854,2021-06-04,1168.0,1896.0,29.8,2837.0,23450.0,6549.0,843.0
855,2021-06-07,1179.0,1895.0,24.75,2842.0,23447.0,6550.0,846.0
856,2021-06-08,1164.0,1888.0,27.55,2799.0,22949.0,6550.0,819.0
857,2021-06-09,1170.0,1895.0,25.6,2806.0,21947.0,6551.0,819.0
858,2021-06-10,1151.0,1898.0,27.92,2772.0,22949.0,6549.0,821.0
859,2021-06-11,1162.0,1889.0,30.1,2807.0,23450.0,6249.0,817.0
860,2021-06-14,1177.0,1867.0,26.78,2768.0,25448.0,6252.0,822.0
861,2021-06-15,1165.0,1869.0,29.8,2762.0,25447.0,6250.0,795.0
862,2021-06-16,1159.0,1863.0,29.81,2809.0,25448.0,6249.0,793.0
863,2021-06-17,1102.0,1790.0,28.4,2628.0,23197.0,6248.0,792.0
864,2021-06-18,1075.0,1780.0,27.3,2561.0,21702.0,6251.0,797.0
865,2021-06-21,1037.0,1777.0,26.8,2558.0,20701.0,6247.0,796.0
866,2021-06-22,1067.0,1786.0,27.9,2575.0,20700.0,6252.0,793.0
867,2021-06-23,1085.0,1789.0,27.0,2628.0,20198.0,6248.0,797.0
868,2021-06-24,1102.0,1783.0,26.0,2639.0,19947.0,6148.0,794.0
869,2021-06-25,1112.0,1783.0,28.3,2650.0,19952.0,6151.0,796.0
870,2021-06-28,1115.0,1784.0,23.2,2679.0,20702.0,6149.0,792.0
871,2021-06-29,1082.0,1763.0,22.8,2674.0,21699.0,6151.0,796.0
872,2021-06-30,1070.0,1770.0,23.95,2726.0,21699.0,6147.0,796.0
873,2021-07-01,1098.0,1778.0,26.3,2789.0,20949.0,6150.0,793.0
874,2021-07-02,1090.0,1789.0,23.35,2782.0,19948.0,6149.0,792.0
875,2021-07-05,1113.0,1789.0,26.5,2822.0,19950.0,6152.0,794.0
876,2021-07-06,1108.0,1815.0,27.45,2844.0,19952.0,6151.0,795.0
877,2021-07-07,1097.0,1806.0,26.35,2847.0,19350.0,6148.0,797.0
878,2021-07-08,1079.0,1809.0,24.05,2826.0,18950.0,6149.0,795.0
879,2021-07-09,1097.0,1812.0,26.05,2808.0,18449.0,6147.0,793.0
880,2021-07-12,1121.0,1807.0,23.05,2852.0,19948.0,6150.0,797.0
881,2021-07-13,1118.0,1810.0,23.05,2852.0,21051.0,6149.0,795.0
882,2021-07-14,1138.0,1832.0,28.35,2832.0,21052.0,6147.0,793.0
883,2021-07-15,1140.0,1829.0,23.25,2786.0,21050.0,6149.0,796.0
884,2021-07-16,1125.0,1824.0,28.15,2659.0,20752.0,6151.0,796.0
885,2021-07-19,1093.0,1813.0,24.3,2605.0,20247.0,5951.0,793.0
886,2021-07-20,1082.0,1817.0,26.15,2622.0,20252.0,5948.0,794.0
887,2021-07-21,1079.0,1812.0,24.15,2657.0,20247.0,5948.0,795.0
888,2021-07-22,1084.0,1807.0,22.15,2688.0,20052.0,5948.0,793.0
889,2021-07-23,1058.0,1800.0,27.1,2700.0,20050.0,5947.0,792.0
890,2021-07-26,1078.0,1812.0,23.35,2702.0,20048.0,5952.0,796.0
891,2021-07-27,1062.0,1807.0,26.85,2629.0,19852.0,5847.0,792.0
892,2021-07-28,1057.0,1802.0,23.75,2612.0,19850.0,5848.0,792.0
893,2021-07-29,1078.0,1826.0,24.55,2676.0,19851.0,5849.0,795.0
894,2021-07-30,1049.0,1828.0,26.45,2664.0,19847.0,5847.0,792.0
